id,slum_id,document_type,document_title,file_blob,file_mimetype,file_size,status,uploaded_at,reviewed_by,reviewed_at,rejection_reason
900001,SR900001,National ID,Household identity record,\x53796e7468657469632064656d6f20646f63756d656e74202d206e6f742076616c6964,text/plain,35,approved,2026-05-04 09:15+06,SLUMLINK Admin,2026-05-04 09:15+06,
900002,SR900002,Utility Bill,Residence verification,\x53796e7468657469632064656d6f20646f63756d656e74202d206e6f742076616c6964,text/plain,35,approved,2026-05-08 11:20+06,SLUMLINK Admin,2026-05-08 11:20+06,
900003,SR900003,Skills Certificate,Verified skills record,\x53796e7468657469632064656d6f20646f63756d656e74202d206e6f742076616c6964,text/plain,35,approved,2026-05-12 14:05+06,SLUMLINK Admin,2026-05-12 14:05+06,
900004,SR900004,Utility Bill,Residence verification,\x53796e7468657469632064656d6f20646f63756d656e74202d206e6f742076616c6964,text/plain,35,approved,2026-05-18 10:10+06,SLUMLINK Admin,2026-05-18 10:10+06,
900005,SR900005,National ID,Household identity record,\x53796e7468657469632064656d6f20646f63756d656e74202d206e6f742076616c6964,text/plain,35,approved,2026-06-02 08:45+06,SLUMLINK Admin,2026-06-02 08:45+06,
900006,SR900006,Skills Certificate,Verified skills record,\x53796e7468657469632064656d6f20646f63756d656e74202d206e6f742076616c6964,text/plain,35,approved,2026-06-05 13:25+06,SLUMLINK Admin,2026-06-05 13:25+06,
900007,SR900007,National ID,Household identity record,\x53796e7468657469632064656d6f20646f63756d656e74202d206e6f742076616c6964,text/plain,35,approved,2026-06-11 16:00+06,SLUMLINK Admin,2026-06-11 16:00+06,
900008,SR900008,Utility Bill,Residence verification,\x53796e7468657469632064656d6f20646f63756d656e74202d206e6f742076616c6964,text/plain,35,approved,2026-06-18 09:40+06,SLUMLINK Admin,2026-06-18 09:40+06,
900009,SR900009,Skills Certificate,Verified skills record,\x53796e7468657469632064656d6f20646f63756d656e74202d206e6f742076616c6964,text/plain,35,approved,2026-07-01 12:10+06,SLUMLINK Admin,2026-07-01 12:10+06,
900010,SR900010,Utility Bill,Residence verification,\x53796e7468657469632064656d6f20646f63756d656e74202d206e6f742076616c6964,text/plain,35,approved,2026-07-03 15:30+06,SLUMLINK Admin,2026-07-03 15:30+06,
900011,SR900011,National ID,Household identity record,\x53796e7468657469632064656d6f20646f63756d656e74202d206e6f742076616c6964,text/plain,35,approved,2026-07-09 10:55+06,SLUMLINK Admin,2026-07-09 10:55+06,
900012,SR900012,Skills Certificate,Verified skills record,\x53796e7468657469632064656d6f20646f63756d656e74202d206e6f742076616c6964,text/plain,35,approved,2026-07-12 11:35+06,SLUMLINK Admin,2026-07-12 11:35+06,
900013,SR900013,National ID,Household identity record,\x53796e7468657469632064656d6f20646f63756d656e74202d206e6f742076616c6964,text/plain,35,approved,2026-07-19 09:00+06,SLUMLINK Admin,2026-07-19 09:00+06,
900014,SR900014,Utility Bill,Residence verification,\x53796e7468657469632064656d6f20646f63756d656e74202d206e6f742076616c6964,text/plain,35,approved,2026-07-22 13:15+06,SLUMLINK Admin,2026-07-22 13:15+06,
900015,SR900015,Skills Certificate,Verified skills record,\x53796e7468657469632064656d6f20646f63756d656e74202d206e6f742076616c6964,text/plain,35,pending,2026-08-26 10:20+06,,,
900016,SR900016,Utility Bill,Residence verification,\x53796e7468657469632064656d6f20646f63756d656e74202d206e6f742076616c6964,text/plain,35,pending,2026-09-02 14:50+06,,,
900017,SR900017,National ID,Household identity record,\x53796e7468657469632064656d6f20646f63756d656e74202d206e6f742076616c6964,text/plain,35,pending,2026-08-11 16:25+06,,,
900018,SR900018,Skills Certificate,Verified skills record,\x53796e7468657469632064656d6f20646f63756d656e74202d206e6f742076616c6964,text/plain,35,rejected,2026-08-18 09:30+06,SLUMLINK Admin,2026-08-18 09:30+06,The uploaded copy was incomplete.
