campaign_id,org_id,title,category,division,district,slum_area,start_date,end_date,start_time,target_gender,age_group,education_required,skills_required,description,status,created_at
900001,900001,Monsoon Family Food Support,Food Assistance,Dhaka,Dhaka,Korail,2026-08-05,2026-08-07,09:00,all,both,None,None,Essential food packs for verified families affected by monsoon income disruption.,completed,2026-07-26 10:00+06
900002,900002,Women Tailoring and Enterprise Workshop,Skill Development,Dhaka,Dhaka,Kallyanpur,2026-09-10,2026-09-24,10:00,female,adult,Class 5,Sewing,"Practical tailoring, costing, and small-business training for home-based income.",in_progress,2026-08-29 11:30+06
900003,900003,Child Wellness and Nutrition Camp,Healthcare,Dhaka,Dhaka,Bauniabadh,2026-09-14,2026-09-16,08:30,all,child,None,None,"Free health screening, nutrition assessment, and caregiver guidance for children.",in_progress,2026-09-03 09:20+06
900004,900004,Community Drainage Response Drive,Infrastructure,Dhaka,Dhaka,Sattola,2026-09-18,2026-09-20,07:30,all,both,None,None,Community cleanup and drainage maintenance coordinated with the local support cell.,pending,2026-09-08 15:45+06
900005,900001,Digital Basics for Youth,Education and Training,Dhaka,Gazipur,Tongi Rail Colony,2026-09-25,2026-10-09,15:00,all,adult,SSC,Computer Basics,"Digital literacy, online safety, CV preparation, and entry-level data work.",pending,2026-09-10 10:15+06
900006,900002,Winter Clothing Preparation,Clothing Assistance,Chattogram,Chattogram,Sholoshohor Colony,2026-10-10,2026-10-12,09:30,all,both,None,None,Registration and distribution planning for family winter clothing packages.,pending,2026-09-11 14:00+06
900007,900003,Safe Water Awareness Session,Water and Sanitation,Dhaka,Dhaka,Duip Colony,2026-08-20,2026-08-20,11:00,all,both,None,None,"Training on safe water storage, purification, and waterborne illness prevention.",completed,2026-08-08 12:30+06
900008,900001,Emergency Heat Relief Point,Emergency Relief,Dhaka,Dhaka,Korail,2026-07-12,2026-07-13,10:00,all,both,None,None,A proposed relief point cancelled after weather conditions improved.,cancelled,2026-07-09 16:20+06
900009,900002,Mobile Job Matching Desk,Employment,Dhaka,Dhaka,Bauniabadh,2026-08-28,2026-08-28,10:00,all,adult,Class 8,None,"Skills profiling, CV support, and referrals to verified employers.",not_executed,2026-08-16 09:40+06
